<?xml version="1.0" encoding="utf-8"?>
<ApplicationInstallerManifest>
   <DefaultInstallationDirectory>/Applications/NMRpQuant/</DefaultInstallationDirectory>
   <ApplicationName>NMRpQuant</ApplicationName>
   <ExecutableName>application/NMRpQuant.exe</ExecutableName>
   <GUID>30e888e9-633a-42b5-84e1-abef589553c9</GUID>
   <ApplicationIcon>default_icon_48.png</ApplicationIcon>
   <Logo>default_logo.png</Logo>
   <Version>1.1</Version>
   <InstallationNotes>In the following directions, replace MR/v911 by the directory on the target machine where MATLAB is installed, or MR by the directory where the MATLAB Runtime is installed.

If the environment variable DYLD_LIBRARY_PATH is undefined, set it to the following string:

MR/v911/runtime/maci64:MR/v911/sys/os/maci64:MR/v911/bin/maci64

If it is defined, set it to the following:

${DYLD_LIBRARY_PATH}:MR/v911/runtime/maci64:MR/v911/sys/os/maci64:MR/v911/bin/maci64
</InstallationNotes>
   <Summary>NMRpQuant is a freely available software for the automated total urinary protein via 1D 1H-NMR urine profiles.</Summary>
   <WelcomePanelText>NMRpQuant 1.1
NMRpQuant is a freely available software for the automated total urinary protein via 1D 1H-NMR urine profiles.

Updates in this version (v1.1.):
--&gt; When loaded, standard 1H NMR spectra are automatically plotted (STEP 1).   
--&gt; Zooming plot controls are integrated in each plot.
--&gt; (OPTIONAL) User could perform the automated protein quantification via only SMolESY-filtering in STEP1, omitting STEPS 2-5.
--&gt; Protein quantification results are also printed in pop up figure-tables when exported to .csv files, and could be copied.

Dr. Panteleimon Takis
p.takis@imperial.ac.uk</WelcomePanelText>
   <MCRProducts>
      <MCRProduct>
         <ExternalProductIdentifier>35000</ExternalProductIdentifier>
      </MCRProduct>
      <MCRProduct>
         <ExternalProductIdentifier>35010</ExternalProductIdentifier>
      </MCRProduct>
      <MCRProduct>
         <ExternalProductIdentifier>35108</ExternalProductIdentifier>
      </MCRProduct>
   </MCRProducts>
</ApplicationInstallerManifest>