<?xml version="1.0" encoding="UTF-8"?><bookmarks><file xmlns="http://www.w3.org/1999/xhtml" absolutepath="/Users/panteleimontakis/Library/Mobile Documents/com~apple~CloudDocs/Eggrafa/PROSWPIKA/CVs/Imp/Proteinuria_platform/Proteinuria_NMR_Platform.m"></file><file xmlns="http://www.w3.org/1999/xhtml" absolutepath="/Users/panteleimontakis/Library/Mobile Documents/com~apple~CloudDocs/CERM Postdoc/my_development/SMolESY_spectra_parser.m"></file><file xmlns="http://www.w3.org/1999/xhtml" absolutepath="/Users/panteleimontakis/Library/Mobile Documents/com~apple~CloudDocs/Eggrafa/PROSWPIKA/CVs/Imp/Proteinuria_platform/Proteinuria_NMR_Platform_SMolESY.m"></file><file xmlns="http://www.w3.org/1999/xhtml" absolutepath="/Users/panteleimontakis/Library/Mobile Documents/com~apple~CloudDocs/Eggrafa/PROSWPIKA/CVs/Imp/Proteinuria_platform/Proteinuria_NMR_Platform_Baseline_filter.m"></file><file xmlns="http://www.w3.org/1999/xhtml" absolutepath="/Users/panteleimontakis/Library/Mobile Documents/com~apple~CloudDocs/Eggrafa/PROSWPIKA/CVs/Imp/Proteinuria_platform/software_F_v1.0/NMRpQuant.m"></file><file xmlns="http://www.w3.org/1999/xhtml" absolutepath="/Users/panteleimontakis/Library/Mobile Documents/com~apple~CloudDocs/Eggrafa/PROSWPIKA/CVs/Imp/Proteinuria_platform/software_F_v1.1/NMRpQuant.m"></file><file xmlns="http://www.w3.org/1999/xhtml" absolutepath="/Users/panteleimontakis/Library/Mobile Documents/com~apple~CloudDocs/Eggrafa/PROSWPIKA/CVs/Imp/Proteinuria_platform/NMRpQuant_Final/NMRpQuant.m"></file><file xmlns="http://www.w3.org/1999/xhtml" absolutepath="/Users/panteleimontakis/Library/Mobile Documents/com~apple~CloudDocs/Eggrafa/PROSWPIKA/CVs/Imp/Proteinuria_platform/NMRpQuant_Final/showTitle.m"></file></bookmarks>