<?xml version="1.0" encoding="utf-8"?>
<ApplicationInstallerManifest>
   <DefaultInstallationDirectory>/Applications/NMRpQuant/</DefaultInstallationDirectory>
   <ApplicationName>NMRpQuant</ApplicationName>
   <ExecutableName>application/NMRpQuant.exe</ExecutableName>
   <GUID>6b981983-1705-4be4-a44f-ded90ab50128</GUID>
   <ApplicationIcon>default_icon_48.png</ApplicationIcon>
   <Logo>default_logo.png</Logo>
   <Version>1.2</Version>
   <InstallationNotes>In the following directions, replace MR/v911 by the directory on the target machine where MATLAB is installed, or MR by the directory where the MATLAB Runtime is installed.

If the environment variable DYLD_LIBRARY_PATH is undefined, set it to the following string:

MR/v911/runtime/maci64:MR/v911/sys/os/maci64:MR/v911/bin/maci64

If it is defined, set it to the following:

${DYLD_LIBRARY_PATH}:MR/v911/runtime/maci64:MR/v911/sys/os/maci64:MR/v911/bin/maci64
</InstallationNotes>
   <Summary>NMRpQuant is a freely available software for the automated total urinary protein via 1D 1H-NMR urine profiles.</Summary>
   <WelcomePanelText>NMRpQuant 1.2
NMRpQuant is a freely available software for the automated total urinary protein via 1D 1H-NMR urine profiles.

Updates in this version (v1.2):
--&gt; Update getNMRdata.m function for more TOPSPIN platforms

Dr. Panteleimon Takis
p.takis@imperial.ac.uk</WelcomePanelText>
   <MCRProducts>
      <MCRProduct>
         <ExternalProductIdentifier>35000</ExternalProductIdentifier>
      </MCRProduct>
      <MCRProduct>
         <ExternalProductIdentifier>35010</ExternalProductIdentifier>
      </MCRProduct>
      <MCRProduct>
         <ExternalProductIdentifier>35108</ExternalProductIdentifier>
      </MCRProduct>
   </MCRProducts>
</ApplicationInstallerManifest>