<?xml version="1.0" encoding="utf-8"?>
<ApplicationInstallerManifest>
   <DefaultInstallationDirectory>/Applications/NMRpQuant/</DefaultInstallationDirectory>
   <ApplicationName>NMRpQuant</ApplicationName>
   <ExecutableName>application/NMRpQuant.exe</ExecutableName>
   <GUID>2b88112e-f887-4918-aae5-440038332544</GUID>
   <ApplicationIcon>default_icon_48.png</ApplicationIcon>
   <Logo>default_logo.png</Logo>
   <Version>2.0</Version>
   <InstallationNotes>In the following directions, replace MR/v911 by the directory on the target machine where MATLAB is installed, or MR by the directory where the MATLAB Runtime is installed.

If the environment variable DYLD_LIBRARY_PATH is undefined, set it to the following string:

MR/v911/runtime/maci64:MR/v911/sys/os/maci64:MR/v911/bin/maci64

If it is defined, set it to the following:

${DYLD_LIBRARY_PATH}:MR/v911/runtime/maci64:MR/v911/sys/os/maci64:MR/v911/bin/maci64
</InstallationNotes>
   <Summary>NMRpQuant is a freely available software for the automated total urine/blood protein via 1D 1H-NMR urine/serum/plasma profiles.</Summary>
   <WelcomePanelText>NMRpQuant 2.0
NMRpQuant is a freely available software for the automated total urine/blood protein via 1D 1H-NMR urine/serum/plasma profiles.

In this version (v2.0):
--&gt; Operation is the almost the same as previous versions.
--&gt; Absolute quantifcation factors are improved for urine/plasma/serum NMR spectra

Dr. Panteleimon Takis
p.takis@imperial.ac.uk</WelcomePanelText>
   <MCRProducts>
      <MCRProduct>
         <ExternalProductIdentifier>35000</ExternalProductIdentifier>
      </MCRProduct>
      <MCRProduct>
         <ExternalProductIdentifier>35010</ExternalProductIdentifier>
      </MCRProduct>
   </MCRProducts>
</ApplicationInstallerManifest>