<?xml version="1.0" encoding="UTF-8"?><bookmarks><file xmlns="http://www.w3.org/1999/xhtml" absolutepath="/Users/panteleimontakis/Library/Mobile Documents/com~apple~CloudDocs/Eggrafa/PROSWPIKA/CVs/Imp/Proteinuria_platform/Proteinuria_NMR_Platform.m"></file><file xmlns="http://www.w3.org/1999/xhtml" absolutepath="/Users/panteleimontakis/Library/Mobile Documents/com~apple~CloudDocs/CERM Postdoc/my_development/SMolESY_spectra_parser.m"></file><file xmlns="http://www.w3.org/1999/xhtml" absolutepath="/Users/panteleimontakis/Library/Mobile Documents/com~apple~CloudDocs/Eggrafa/PROSWPIKA/CVs/Imp/Proteinuria_platform/Proteinuria_NMR_Platform_SMolESY.m"></file><file xmlns="http://www.w3.org/1999/xhtml" absolutepath="/Users/panteleimontakis/Library/Mobile Documents/com~apple~CloudDocs/Eggrafa/PROSWPIKA/CVs/Imp/Proteinuria_platform/Proteinuria_NMR_Platform_Baseline_filter.m"></file><file xmlns="http://www.w3.org/1999/xhtml" absolutepath="/Users/panteleimontakis/Library/Mobile Documents/com~apple~CloudDocs/Eggrafa/PROSWPIKA/CVs/Imp/Proteinuria_platform/software_F_v1.0/NMRpQuant.m"></file><file xmlns="http://www.w3.org/1999/xhtml" absolutepath="/Users/panteleimontakis/Library/Mobile Documents/com~apple~CloudDocs/Eggrafa/PROSWPIKA/CVs/Imp/Proteinuria_platform/software_F_v1.1/NMRpQuant.m"></file><file xmlns="http://www.w3.org/1999/xhtml" absolutepath="/Users/panteleimontakis/Library/Mobile Documents/com~apple~CloudDocs/Eggrafa/PROSWPIKA/CVs/Imp/Proteinuria_platform/NMRpQuant_Final/NMRpQuant.m"></file><file xmlns="http://www.w3.org/1999/xhtml" absolutepath="/Users/panteleimontakis/Library/Mobile Documents/com~apple~CloudDocs/Eggrafa/PROSWPIKA/CVs/Imp/Proteinuria_platform/NMRpQuant_Final/showTitle.m"></file><file xmlns="http://www.w3.org/1999/xhtml" absolutepath="/Users/panteleimontakis/Documents/GitHub/NMRpQuant/internal_functions/find_region_integrate.m"></file><file xmlns="http://www.w3.org/1999/xhtml" absolutepath="/Users/panteleimontakis/Documents/GitHub/NMRpQuant/internal_functions/NMRpQuant_Baseline_filter.m"></file><file xmlns="http://www.w3.org/1999/xhtml" absolutepath="/Users/panteleimontakis/Documents/GitHub/NMRpQuant/NMRpQuant_GUI/Explicit_GUI_functions/lb_factor_Callback.m"></file><file xmlns="http://www.w3.org/1999/xhtml" absolutepath="/Users/panteleimontakis/Documents/GitHub/NMRpQuant/NMRpQuant_GUI/Explicit_GUI_functions/loadCPMG_Callback.m"></file><file xmlns="http://www.w3.org/1999/xhtml" absolutepath="/Users/panteleimontakis/Library/Mobile Documents/com~apple~CloudDocs/Eggrafa/PROSWPIKA/CVs/Imp/Proteinuria_platform/NMRpQuant_Final/NMRpQuant_Baseline_filter.m"></file><file xmlns="http://www.w3.org/1999/xhtml" absolutepath="/Users/panteleimontakis/Documents/GitHub/NMRpQuant/internal_functions/base_fit_protein_linear.m"></file><file xmlns="http://www.w3.org/1999/xhtml" absolutepath="/Users/panteleimontakis/Documents/GitHub/NMRpQuant/internal_functions/Process_lb_NMRdata.m"></file><file xmlns="http://www.w3.org/1999/xhtml" absolutepath="/Users/panteleimontakis/Documents/GitHub/NMRpQuant/internal_functions/getNMRdata.m"></file><file xmlns="http://www.w3.org/1999/xhtml" absolutepath="/Users/panteleimontakis/Documents/GitHub/NMRpQuant/internal_functions/showTitle.m"></file><file xmlns="http://www.w3.org/1999/xhtml" absolutepath="/Users/panteleimontakis/Documents/GitHub/NMRpQuant/internal_functions/NMRpQuant_SMolESY.m"></file><file xmlns="http://www.w3.org/1999/xhtml" absolutepath="/Users/panteleimontakis/Documents/GitHub/NMRpQuant/internal_functions/NMRpQuant_NCD_SMolESY_method_integration.m"></file><file xmlns="http://www.w3.org/1999/xhtml" absolutepath="/Users/panteleimontakis/Documents/GitHub/NMRpQuant/internal_functions/plot_the_rest.m"></file><file xmlns="http://www.w3.org/1999/xhtml" absolutepath="/Users/panteleimontakis/Documents/GitHub/NMRpQuant/internal_functions/showTitleOFF.m"></file><file xmlns="http://www.w3.org/1999/xhtml" absolutepath="/Users/panteleimontakis/Documents/GitHub/NMRpQuant/internal_functions/Align_data.m"></file><file xmlns="http://www.w3.org/1999/xhtml" absolutepath="/Users/panteleimontakis/Documents/GitHub/NMRpQuant/internal_functions/prepare_spectra_files1D.m"></file><file xmlns="http://www.w3.org/1999/xhtml" absolutepath="/Users/panteleimontakis/Documents/GitHub/NMRpQuant/NMRpQuant_GUI/NMRpQuant.m"></file><file xmlns="http://www.w3.org/1999/xhtml" absolutepath="/Users/panteleimontakis/Documents/MATLAB/distributionPlot/distributionPlot/distributionPlot.m"></file><file xmlns="http://www.w3.org/1999/xhtml" absolutepath="/Users/panteleimontakis/Library/Mobile Documents/com~apple~CloudDocs/Eggrafa/PROSWPIKA/CVs/Imp/Proteinuria_platform/NMRpQuant_GUI_dev_revision/NMRpQuant.m"></file><file xmlns="http://www.w3.org/1999/xhtml" absolutepath="/Users/panteleimontakis/Library/Mobile Documents/com~apple~CloudDocs/Eggrafa/PROSWPIKA/CVs/Imp/Proteinuria_platform/NMRpQuant_GUI_dev_revision/waitbar2a.m"></file><file xmlns="http://www.w3.org/1999/xhtml" absolutepath="/Users/panteleimontakis/Desktop/ZoomExample.m"></file><file xmlns="http://www.w3.org/1999/xhtml" absolutepath="/Users/panteleimontakis/Library/Mobile Documents/com~apple~CloudDocs/Eggrafa/PROSWPIKA/CVs/Imp/Proteinuria_platform/NMRpQuant_GUI_dev_revision/untitled.m"></file><file xmlns="http://www.w3.org/1999/xhtml" absolutepath="/Users/panteleimontakis/Library/Mobile Documents/com~apple~CloudDocs/Eggrafa/PROSWPIKA/CVs/Imp/Proteinuria_platform/NMRpQuant_GUI_dev_revision/prepare_spectra_files1D.m"></file></bookmarks>