<?xml version="1.0" encoding="utf-8"?>
<toolset id="apps_toolset" template="true">
   <tool id="favorites" quick_access_eligible="false" toolset_id="apps_toolset" type="group">
      <child_tool id="cftool" toolset_id="curvefit_toolset"/>
      <child_tool id="optimtool" toolset_id="optim_toolset"/>
      <child_tool id="pidTuner" toolset_id="control_toolset"/>
      <child_tool id="modbusExplorer" toolset_id="modbusapplet_toolset"/>
      <child_tool id="systemIdentification" toolset_id="ident_toolset"/>
      <child_tool id="wirelessWaveformGenerator" toolset_id="comm_toolset"/>
      <child_tool id="signalAnalyzer" toolset_id="signal_toolset"/>
      <child_tool id="imaqtool" toolset_id="imaq_toolset"/>
      <child_tool id="tmtool" toolset_id="instrument_toolset"/>
      <child_tool id="simBiologyModelBuilder" toolset_id="simbio_toolset"/>
      <child_tool id="simBiologyModelAnalyzer" toolset_id="simbio_toolset"/>
      <child_tool id="ccoder" toolset_id="matlabcoder_toolset"/>
      <child_tool id="applicationCompiler" toolset_id="compiler_toolset"/>
   </tool>
   <tool id="code_verify_products" quick_access_eligible="false" toolset_id="apps_toolset" type="group"/>
   <tool id="simulation_products" quick_access_eligible="false" toolset_id="apps_toolset" type="group">
      <child_tool id="vrplay" toolset_id="sl3d_toolset"/>
      <child_tool id="vredit" toolset_id="sl3d_toolset"/>
   </tool>
   <tool id="internal" quick_access_eligible="false" toolset_id="apps_toolset" type="group"/>
   <tool id="help_internal" quick_access_eligible="false" toolset_id="apps_toolset" type="group"/>
   <tool id="learning_products" quick_access_eligible="false" toolset_id="apps_toolset" type="group">
      <child_tool id="ml_classification_2" toolset_id="mlearnapp_toolset"/>
      <child_tool id="deepNetworkDesigner" toolset_id="nnet_deepapp_toolset"/>
      <child_tool id="deepNetworkQuantizer" toolset_id="deepNetworkquantizer_toolset"/>
      <child_tool id="experimentManager" toolset_id="experiments_toolset"/>
      <child_tool id="nctool_2" toolset_id="nnet_toolset"/>
      <child_tool id="nftool_2" toolset_id="nnet_toolset"/>
      <child_tool id="nprtool_2" toolset_id="nnet_toolset"/>
      <child_tool id="ntstool_2" toolset_id="nnet_toolset"/>
      <child_tool id="ml_regression_2" toolset_id="mlearnapp_toolset"/>
      <child_tool id="reinforcementLearningDesigner" toolset_id="rl_toolset"/>
   </tool>
   <tool id="my_apps" quick_access_eligible="false" toolset_id="apps_toolset" type="group"/>
   <tool id="control_products" quick_access_eligible="false" toolset_id="apps_toolset" type="group">
      <child_tool id="controlSystemDesigner" toolset_id="control_toolset"/>
      <child_tool id="controlSystemTuner" toolset_id="control_toolset"/>
      <child_tool id="DiagnosticFeatureDesigner" toolset_id="predmaint_toolset"/>
      <child_tool id="flightLogAnalyzer" toolset_id="uav_toolset"/>
      <child_tool id="fuzzyLogicDesigner" toolset_id="fuzzy_toolset"/>
      <child_tool id="linearSystemAnalyzer" toolset_id="control_toolset"/>
      <child_tool id="modelReducer" toolset_id="control_toolset"/>
      <child_tool id="mpcDesigner" toolset_id="mpc_toolset"/>
      <child_tool id="neuroFuzzyDesigner" toolset_id="fuzzy_toolset"/>
      <child_tool id="pidTuner" toolset_id="control_toolset"/>
      <child_tool id="slamMapBuilder" toolset_id="nav_toolset"/>
      <child_tool id="systemIdentification" toolset_id="ident_toolset"/>
   </tool>
   <tool id="signal_products" quick_access_eligible="false" toolset_id="apps_toolset" type="group">
      <child_tool id="5gWaveformGenerator" toolset_id="5G_toolset"/>
      <child_tool id="antennaArrayDesigner" toolset_id="antenna_toolset"/>
      <child_tool id="antennaDesigner" toolset_id="antenna_toolset"/>
      <child_tool id="audioLabeler" toolset_id="audio_toolset"/>
      <child_tool id="audioTestBench" toolset_id="audio_toolset"/>
      <child_tool id="bertool" toolset_id="comm_toolset"/>
      <child_tool id="edfFileAnalyzer" toolset_id="signal_toolset"/>
      <child_tool id="filterbuilder" toolset_id="dsp_toolset"/>
      <child_tool id="fdatool" toolset_id="signal_toolset"/>
      <child_tool id="impulseResponseMeasurer" toolset_id="audio_toolset"/>
      <child_tool id="lteThroughputAnalyzer" toolset_id="lte_toolset"/>
      <child_tool id="lteWaveformGenerator" toolset_id="lte_toolset"/>
      <child_tool id="matchingNetworkDesigner" toolset_id="rf_toolset"/>
      <child_tool id="mixedSignalAnalyzer" toolset_id="msblks_toolset"/>
      <child_tool id="pcbAntennaDesigner" toolset_id="antenna_toolset"/>
      <child_tool id="waveformapp" toolset_id="phased_toolset"/>
      <child_tool id="radardesignerapp" toolset_id="radar_toolset"/>
      <child_tool id="rfBudgetAnalyzer" toolset_id="rf_toolset"/>
      <child_tool id="satelliteLinkBudgetAnalyzer" toolset_id="satcom_toolset"/>
      <child_tool id="arrayapp" toolset_id="phased_toolset"/>
      <child_tool id="serdesDesigner" toolset_id="serdes_toolset"/>
      <child_tool id="signalAnalyzer" toolset_id="signal_toolset"/>
      <child_tool id="signalLabeler" toolset_id="signal_toolset"/>
      <child_tool id="signalMultiresolutionAnalyzer" toolset_id="wavelet_toolset"/>
      <child_tool id="sonareqapp" toolset_id="phased_toolset"/>
      <child_tool id="trackingScenarioDesigner" toolset_id="trackingscenario_toolset"/>
      <child_tool id="wavemenu" toolset_id="wavelet_toolset"/>
      <child_tool id="waveletSignalDenoiser" toolset_id="wavelet_toolset"/>
      <child_tool id="wintool" toolset_id="signal_toolset"/>
      <child_tool id="wirelessWaveformGenerator" toolset_id="comm_toolset"/>
      <child_tool id="wlanWaveformGenerator" toolset_id="wlan_toolset"/>
   </tool>
   <tool id="verification_products" quick_access_eligible="false" toolset_id="apps_toolset" type="group">
      <child_tool id="requirementsEditor" toolset_id="requirements_toolset"/>
   </tool>
   <tool id="automotive_products" quick_access_eligible="false" toolset_id="apps_toolset" type="group">
      <child_tool id="drivingScenarioDesigner" toolset_id="drivingscenario_toolset"/>
      <child_tool id="groundTruthLabeler_2" toolset_id="driving_toolset"/>
   </tool>
   <tool id="deployment_products" quick_access_eligible="false" toolset_id="apps_toolset" type="group">
      <child_tool id="applicationCompiler" toolset_id="compiler_toolset"/>
      <child_tool id="hadoopCompiler" toolset_id="compiler_toolset"/>
      <child_tool id="libraryCompiler" toolset_id="compiler_toolset"/>
      <child_tool id="serverArchiveCompiler" toolset_id="compilersdk_toolset"/>
      <child_tool id="webApplicationCompiler" toolset_id="compiler_toolset"/>
   </tool>
   <tool id="finance_products" quick_access_eligible="false" toolset_id="apps_toolset" type="group">
      <child_tool id="binningexplorerapp" toolset_id="risk_toolset"/>
      <child_tool id="econometricModeler" toolset_id="econ_toolset"/>
   </tool>
   <tool id="image_products" quick_access_eligible="false" toolset_id="apps_toolset" type="group">
      <child_tool id="cameraCalibrator" toolset_id="vision_toolset"/>
      <child_tool id="colorThresholder" toolset_id="image_toolset"/>
      <child_tool id="dicomBrowser" toolset_id="image_toolset"/>
      <child_tool id="hyperspectralViewer" toolset_id="image_toolset"/>
      <child_tool id="imaqtool" toolset_id="imaq_toolset"/>
      <child_tool id="imageBatchProcessor" toolset_id="image_toolset"/>
      <child_tool id="imageBrowser" toolset_id="image_toolset"/>
      <child_tool id="imageLabeler" toolset_id="vision_toolset"/>
      <child_tool id="imageRegionAnalyzer" toolset_id="image_toolset"/>
      <child_tool id="imageSegmenter" toolset_id="image_toolset"/>
      <child_tool id="imtool" toolset_id="image_toolset"/>
      <child_tool id="lidarCameraCalibrator" toolset_id="lidar_toolset"/>
      <child_tool id="lidarLabeler" toolset_id="lidar_toolset"/>
      <child_tool id="lidarViewer" toolset_id="lidar_toolset"/>
      <child_tool id="mapview" toolset_id="map_toolset"/>
      <child_tool id="ocrTrainer" toolset_id="vision_toolset"/>
      <child_tool id="registrationEstimator" toolset_id="image_toolset"/>
      <child_tool id="stereoCameraCalibrator" toolset_id="vision_toolset"/>
      <child_tool id="videoLabeler" toolset_id="vision_toolset"/>
      <child_tool id="implay" toolset_id="image_toolset"/>
      <child_tool id="volumeSegmenter" toolset_id="image_toolset"/>
      <child_tool id="volumeViewer" toolset_id="image_toolset"/>
   </tool>
   <tool id="test_products" quick_access_eligible="false" toolset_id="apps_toolset" type="group">
      <child_tool id="arduinoExplorerApp" toolset_id="hwspkg_toolset"/>
      <child_tool id="tmtool" toolset_id="instrument_toolset"/>
      <child_tool id="modbusExplorer" toolset_id="modbusapplet_toolset"/>
      <child_tool id="raspiMonitorApp" toolset_id="hwspkg_toolset"/>
      <child_tool id="serialExplorer" toolset_id="serialportapp_toolset"/>
      <child_tool id="tcpipExplorer" toolset_id="tcpclientapp_toolset"/>
   </tool>
   <tool id="math_products" quick_access_eligible="false" toolset_id="apps_toolset" type="group">
      <child_tool id="cftool" toolset_id="curvefit_toolset"/>
      <child_tool id="dfittool" toolset_id="stats_toolset"/>
      <child_tool id="optimtool" toolset_id="optim_toolset"/>
      <child_tool id="pdetool" toolset_id="pde_toolset"/>
   </tool>
   <tool id="code_gen_products" quick_access_eligible="false" toolset_id="apps_toolset" type="group">
      <child_tool id="fixedPointConverter" toolset_id="fixedpointconverter_toolset"/>
      <child_tool id="hdlcoder" toolset_id="hdlcoder_toolset"/>
      <child_tool id="ccoder" toolset_id="matlabcoder_toolset"/>
   </tool>
   <tool id="database_products" quick_access_eligible="false" toolset_id="apps_toolset" type="group">
      <child_tool id="databaseExplorer" toolset_id="database_toolset"/>
      <child_tool id="report" toolset_id="rptgen_toolset"/>
   </tool>
   <tool id="biology_products" quick_access_eligible="false" toolset_id="apps_toolset" type="group">
      <child_tool id="genomicsViewer" toolset_id="bioinfo_toolset"/>
      <child_tool id="molviewer" toolset_id="bioinfo_toolset"/>
      <child_tool id="phytreeviewer" toolset_id="bioinfo_toolset"/>
      <child_tool id="seqalignviewer" toolset_id="bioinfo_toolset"/>
      <child_tool id="seqviewer" toolset_id="bioinfo_toolset"/>
      <child_tool id="simBiologyModelAnalyzer" toolset_id="simbio_toolset"/>
      <child_tool id="simBiologyModelBuilder" toolset_id="simbio_toolset"/>
   </tool>
   <tool id="apps" quick_access_eligible="false" toolset_id="apps_toolset" type="gallery">
      <child_tool id="favorites" toolset_id="apps_toolset"/>
      <child_tool id="my_apps" toolset_id="apps_toolset"/>
      <child_tool id="learning_products" toolset_id="apps_toolset"/>
      <child_tool id="math_products" toolset_id="apps_toolset"/>
      <child_tool id="control_products" toolset_id="apps_toolset"/>
      <child_tool id="automotive_products" toolset_id="apps_toolset"/>
      <child_tool id="signal_products" toolset_id="apps_toolset"/>
      <child_tool id="image_products" toolset_id="apps_toolset"/>
      <child_tool id="test_products" toolset_id="apps_toolset"/>
      <child_tool id="finance_products" toolset_id="apps_toolset"/>
      <child_tool id="biology_products" toolset_id="apps_toolset"/>
      <child_tool id="code_gen_products" toolset_id="apps_toolset"/>
      <child_tool id="code_verify_products" toolset_id="apps_toolset"/>
      <child_tool id="deployment_products" toolset_id="apps_toolset"/>
      <child_tool id="database_products" toolset_id="apps_toolset"/>
      <child_tool id="verification_products" toolset_id="apps_toolset"/>
      <child_tool id="simulation_products" toolset_id="apps_toolset"/>
      <child_tool id="internal" toolset_id="apps_toolset"/>
      <child_tool id="help_internal" toolset_id="apps_toolset"/>
   </tool>
   <toolset id="database_toolset" template="true">
      <tool id="databaseExplorer" toolset_id="database_toolset"/>
   </toolset>
   <toolset id="curvefit_toolset" template="true">
      <tool id="cftool" toolset_id="curvefit_toolset"/>
   </toolset>
   <toolset id="instrument_toolset" template="true">
      <tool id="tmtool" toolset_id="instrument_toolset"/>
   </toolset>
   <toolset id="stats_toolset" template="true">
      <tool id="dfittool" toolset_id="stats_toolset"/>
   </toolset>
   <toolset id="drivingscenario_toolset" template="true">
      <tool id="drivingScenarioDesigner" toolset_id="drivingscenario_toolset"/>
   </toolset>
   <toolset id="fixedpointconverter_toolset" template="true">
      <tool id="fixedPointConverter" toolset_id="fixedpointconverter_toolset"/>
   </toolset>
   <toolset id="modbusapplet_toolset" template="true">
      <tool id="modbusExplorer" toolset_id="modbusapplet_toolset"/>
   </toolset>
   <toolset id="compilersdk_toolset" template="true">
      <tool id="serverArchiveCompiler" toolset_id="compilersdk_toolset"/>
   </toolset>
   <toolset id="nav_toolset" template="true">
      <tool id="slamMapBuilder" toolset_id="nav_toolset"/>
   </toolset>
   <toolset id="control_toolset" template="true">
      <tool id="controlSystemTuner" toolset_id="control_toolset"/>
      <tool id="pidTuner" toolset_id="control_toolset"/>
      <tool id="controlSystemDesigner" toolset_id="control_toolset"/>
      <tool id="linearSystemAnalyzer" toolset_id="control_toolset"/>
      <tool id="modelReducer" toolset_id="control_toolset"/>
   </toolset>
   <toolset id="dsp_toolset" template="true">
      <tool id="filterbuilder" toolset_id="dsp_toolset"/>
   </toolset>
   <toolset id="serialportapp_toolset" template="true">
      <tool id="serialExplorer" toolset_id="serialportapp_toolset"/>
   </toolset>
   <toolset id="wavelet_toolset" template="true">
      <tool id="waveletSignalDenoiser" toolset_id="wavelet_toolset"/>
      <tool id="signalMultiresolutionAnalyzer" toolset_id="wavelet_toolset"/>
      <tool id="wavemenu" toolset_id="wavelet_toolset"/>
   </toolset>
   <toolset id="vision_toolset" template="true">
      <tool id="videoLabeler" toolset_id="vision_toolset"/>
      <tool id="imageLabeler" toolset_id="vision_toolset"/>
      <tool id="cameraCalibrator" toolset_id="vision_toolset"/>
      <tool id="ocrTrainer" toolset_id="vision_toolset"/>
      <tool id="stereoCameraCalibrator" toolset_id="vision_toolset"/>
   </toolset>
   <toolset id="compiler_toolset" template="true">
      <tool id="hadoopCompiler" toolset_id="compiler_toolset"/>
      <tool id="webApplicationCompiler" toolset_id="compiler_toolset"/>
      <tool id="libraryCompiler" toolset_id="compiler_toolset"/>
      <tool id="applicationCompiler" toolset_id="compiler_toolset"/>
   </toolset>
   <toolset id="hwspkg_toolset" template="true">
      <tool id="raspiMonitorApp" toolset_id="hwspkg_toolset"/>
      <tool id="arduinoExplorerApp" toolset_id="hwspkg_toolset"/>
   </toolset>
   <toolset id="optim_toolset" template="true">
      <tool id="optimtool" toolset_id="optim_toolset"/>
   </toolset>
   <toolset id="pde_toolset" template="true">
      <tool id="pdetool" toolset_id="pde_toolset"/>
   </toolset>
   <toolset id="tcpclientapp_toolset" template="true">
      <tool id="tcpipExplorer" toolset_id="tcpclientapp_toolset"/>
   </toolset>
   <toolset id="simbio_toolset" template="true">
      <tool id="simBiologyModelAnalyzer" toolset_id="simbio_toolset"/>
      <tool id="simBiologyModelBuilder" toolset_id="simbio_toolset"/>
   </toolset>
   <toolset id="serdes_toolset" template="true">
      <tool id="serdesDesigner" toolset_id="serdes_toolset"/>
   </toolset>
   <toolset id="deepNetworkquantizer_toolset" template="true">
      <tool id="deepNetworkQuantizer" toolset_id="deepNetworkquantizer_toolset"/>
   </toolset>
   <toolset id="rf_toolset" template="true">
      <tool id="matchingNetworkDesigner" toolset_id="rf_toolset"/>
      <tool id="rfBudgetAnalyzer" toolset_id="rf_toolset"/>
   </toolset>
   <toolset id="satcom_toolset" template="true">
      <tool id="satelliteLinkBudgetAnalyzer" toolset_id="satcom_toolset"/>
   </toolset>
   <toolset id="wlan_toolset" template="true">
      <tool id="wlanWaveformGenerator" toolset_id="wlan_toolset"/>
   </toolset>
   <toolset id="nnet_deepapp_toolset" template="true">
      <tool id="deepNetworkDesigner" toolset_id="nnet_deepapp_toolset"/>
   </toolset>
   <toolset id="mlearnapp_toolset" template="true">
      <tool id="ml_regression_2" toolset_id="mlearnapp_toolset"/>
      <tool id="ml_classification_2" toolset_id="mlearnapp_toolset"/>
   </toolset>
   <toolset id="msblks_toolset" template="true">
      <tool id="mixedSignalAnalyzer" toolset_id="msblks_toolset"/>
   </toolset>
   <toolset id="bioinfo_toolset" template="true">
      <tool id="genomicsViewer" toolset_id="bioinfo_toolset"/>
      <tool id="seqalignviewer" toolset_id="bioinfo_toolset"/>
      <tool id="molviewer" toolset_id="bioinfo_toolset"/>
      <tool id="seqviewer" toolset_id="bioinfo_toolset"/>
      <tool id="phytreeviewer" toolset_id="bioinfo_toolset"/>
   </toolset>
   <toolset id="rptgen_toolset" template="true">
      <tool id="report" toolset_id="rptgen_toolset"/>
   </toolset>
   <toolset id="lte_toolset" template="true">
      <tool id="lteThroughputAnalyzer" toolset_id="lte_toolset"/>
      <tool id="lteWaveformGenerator" toolset_id="lte_toolset"/>
   </toolset>
   <toolset id="mpc_toolset" template="true">
      <tool id="mpcDesigner" toolset_id="mpc_toolset"/>
   </toolset>
   <toolset id="trackingscenario_toolset" template="true">
      <tool id="trackingScenarioDesigner" toolset_id="trackingscenario_toolset"/>
   </toolset>
   <toolset id="requirements_toolset" template="true">
      <tool id="requirementsEditor" toolset_id="requirements_toolset"/>
   </toolset>
   <toolset id="imaq_toolset" template="true">
      <tool id="imaqtool" toolset_id="imaq_toolset"/>
   </toolset>
   <toolset id="fuzzy_toolset" template="true">
      <tool id="fuzzyLogicDesigner" toolset_id="fuzzy_toolset"/>
      <tool id="neuroFuzzyDesigner" toolset_id="fuzzy_toolset"/>
   </toolset>
   <toolset id="risk_toolset" template="true">
      <tool id="binningexplorerapp" toolset_id="risk_toolset"/>
   </toolset>
   <toolset id="experiments_toolset" template="true">
      <tool id="experimentManager" toolset_id="experiments_toolset"/>
   </toolset>
   <toolset id="nnet_toolset" template="true">
      <tool id="ntstool_2" toolset_id="nnet_toolset"/>
      <tool id="nctool_2" toolset_id="nnet_toolset"/>
      <tool id="nftool_2" toolset_id="nnet_toolset"/>
      <tool id="nprtool_2" toolset_id="nnet_toolset"/>
   </toolset>
   <toolset id="driving_toolset" template="true">
      <tool id="groundTruthLabeler_2" toolset_id="driving_toolset"/>
   </toolset>
   <toolset id="phased_toolset" template="true">
      <tool id="sonareqapp" toolset_id="phased_toolset"/>
      <tool id="waveformapp" toolset_id="phased_toolset"/>
      <tool id="arrayapp" toolset_id="phased_toolset"/>
   </toolset>
   <toolset id="antenna_toolset" template="true">
      <tool id="pcbAntennaDesigner" toolset_id="antenna_toolset"/>
      <tool id="antennaArrayDesigner" toolset_id="antenna_toolset"/>
      <tool id="antennaDesigner" toolset_id="antenna_toolset"/>
   </toolset>
   <toolset id="matlabcoder_toolset" template="true">
      <tool id="ccoder" toolset_id="matlabcoder_toolset"/>
   </toolset>
   <toolset id="image_toolset" template="true">
      <tool id="dicomBrowser" toolset_id="image_toolset"/>
      <tool id="hyperspectralViewer" toolset_id="image_toolset"/>
      <tool id="volumeViewer" toolset_id="image_toolset"/>
      <tool id="colorThresholder" toolset_id="image_toolset"/>
      <tool id="implay" toolset_id="image_toolset"/>
      <tool id="imageBrowser" toolset_id="image_toolset"/>
      <tool id="imageBatchProcessor" toolset_id="image_toolset"/>
      <tool id="volumeSegmenter" toolset_id="image_toolset"/>
      <tool id="registrationEstimator" toolset_id="image_toolset"/>
      <tool id="imageRegionAnalyzer" toolset_id="image_toolset"/>
      <tool id="imageSegmenter" toolset_id="image_toolset"/>
      <tool id="imtool" toolset_id="image_toolset"/>
   </toolset>
   <toolset id="signal_toolset" template="true">
      <tool id="wintool" toolset_id="signal_toolset"/>
      <tool id="signalAnalyzer" toolset_id="signal_toolset"/>
      <tool id="signalLabeler" toolset_id="signal_toolset"/>
      <tool id="edfFileAnalyzer" toolset_id="signal_toolset"/>
      <tool id="fdatool" toolset_id="signal_toolset"/>
   </toolset>
   <toolset id="map_toolset" template="true">
      <tool id="mapview" toolset_id="map_toolset"/>
   </toolset>
   <toolset id="hdlcoder_toolset" template="true">
      <tool id="hdlcoder" toolset_id="hdlcoder_toolset"/>
   </toolset>
   <toolset id="lidar_toolset" template="true">
      <tool id="lidarCameraCalibrator" toolset_id="lidar_toolset"/>
      <tool id="lidarViewer" toolset_id="lidar_toolset"/>
      <tool id="lidarLabeler" toolset_id="lidar_toolset"/>
   </toolset>
   <toolset id="predmaint_toolset" template="true">
      <tool id="DiagnosticFeatureDesigner" toolset_id="predmaint_toolset"/>
   </toolset>
   <toolset id="econ_toolset" template="true">
      <tool id="econometricModeler" toolset_id="econ_toolset"/>
   </toolset>
   <toolset id="rl_toolset" template="true">
      <tool id="reinforcementLearningDesigner" toolset_id="rl_toolset"/>
   </toolset>
   <toolset id="ident_toolset" template="true">
      <tool id="systemIdentification" toolset_id="ident_toolset"/>
   </toolset>
   <toolset id="audio_toolset" template="true">
      <tool id="audioLabeler" toolset_id="audio_toolset"/>
      <tool id="audioTestBench" toolset_id="audio_toolset"/>
      <tool id="impulseResponseMeasurer" toolset_id="audio_toolset"/>
   </toolset>
   <toolset id="sl3d_toolset" template="true">
      <tool id="vrplay" toolset_id="sl3d_toolset"/>
      <tool id="vredit" toolset_id="sl3d_toolset"/>
   </toolset>
   <toolset id="uav_toolset" template="true">
      <tool id="flightLogAnalyzer" toolset_id="uav_toolset"/>
   </toolset>
   <toolset id="radar_toolset" template="true">
      <tool id="radardesignerapp" toolset_id="radar_toolset"/>
   </toolset>
   <toolset id="comm_toolset" template="true">
      <tool id="wirelessWaveformGenerator" toolset_id="comm_toolset"/>
      <tool id="bertool" toolset_id="comm_toolset"/>
   </toolset>
   <toolset id="5G_toolset" template="true">
      <tool id="5gWaveformGenerator" toolset_id="5G_toolset"/>
   </toolset>
</toolset>