<?xml version="1.0" encoding="UTF-8"?><html xmlns="http://www.w3.org/1999/xhtml"><body><parsererror style="display: block; white-space: pre; border: 2px solid #c77; padding: 0 1em 0 1em; margin: 1em; background-color: #fdd; color: black"><h3>This page contains the following errors:</h3><div style="font-family:monospace;font-size:12px">error on line 1 at column 1: Extra content at the end of the document
</div><h3>Below is a rendering of the page up to the first error.</h3></parsererror></body><file absolutepath="/Users/panteleimontakis/Library/Mobile Documents/com~apple~CloudDocs/CERM Postdoc/my_development/find_region_integrate_ALBUMIN.m"></file><file absolutepath="/Users/panteleimontakis/Library/Mobile Documents/com~apple~CloudDocs/CERM Postdoc/my_development/extract_lipos_exampleTPCH_AWII.m"></file><file absolutepath="/Users/panteleimontakis/Library/Mobile Documents/com~apple~CloudDocs/CERM Postdoc/my_development/getNMRdataTEST_Feb_04_2023.m"></file><file absolutepath="/Users/panteleimontakis/Documents/MATLAB/BRUKER_reding/spec/bbio_spec_read1dffid.m"></file><file absolutepath="/Users/panteleimontakis/Library/Mobile Documents/com~apple~CloudDocs/Eggrafa/PROSWPIKA/CVs/Imp/Compiles_Feb_2023/smol_plat/getNMRdata.m"></file><file absolutepath="/Users/panteleimontakis/Library/Mobile Documents/com~apple~CloudDocs/CERM Postdoc/my_development/getNMRdata.m"></file><file absolutepath="/Users/panteleimontakis/Library/Mobile Documents/com~apple~CloudDocs/Eggrafa/PROSWPIKA/CVs/Imp/Compiles_Feb_2023/SS/getNMRdata.m"></file><file absolutepath="/Users/panteleimontakis/Library/Mobile Documents/com~apple~CloudDocs/Eggrafa/PROSWPIKA/CVs/Imp/Compiles_Feb_2023/SS/plotting.m"></file><file absolutepath="/Users/panteleimontakis/Library/Mobile Documents/com~apple~CloudDocs/Eggrafa/PROSWPIKA/CVs/Imp/Compiles_Feb_2023/SS/no_plotting.m"></file><file absolutepath="/Users/panteleimontakis/Library/Mobile Documents/com~apple~CloudDocs/Eggrafa/PROSWPIKA/CVs/Imp/Compiles_Feb_2023/SS/SMolESY_Auto_Assign.m"></file><file absolutepath="/Users/panteleimontakis/Library/Mobile Documents/com~apple~CloudDocs/Eggrafa/PROSWPIKA/CVs/Imp/Compiles_Feb_2023/smol_plat/SMolESY_platform.m"></file><file absolutepath="/Users/panteleimontakis/Documents/MATLAB/BRUKER_reding/spec/bbio_spec_read2d.m"></file><file absolutepath="/Users/panteleimontakis/Library/Mobile Documents/com~apple~CloudDocs/CERM Postdoc/my_development/getNMRdata_old.m"></file><file absolutepath="/Users/panteleimontakis/Library/Mobile Documents/com~apple~CloudDocs/CERM Postdoc/my_development/find_location_subvector.m"></file><file absolutepath="/Users/panteleimontakis/Library/Mobile Documents/com~apple~CloudDocs/CERM Postdoc/my_development/getNMRdataBefore_release.m"></file><file absolutepath="/Users/panteleimontakis/Library/Mobile Documents/com~apple~CloudDocs/Eggrafa/PROSWPIKA/CVs/Imp/Compiles_Mar_2023/smol_plat/SMolESY_platform.m"></file><file absolutepath="/Users/panteleimontakis/Library/Mobile Documents/com~apple~CloudDocs/Eggrafa/PROSWPIKA/CVs/Imp/Compiles_Mar_2023/SS/SMolESY_Auto_Assign.m"></file><file absolutepath="/Users/panteleimontakis/Library/Mobile Documents/com~apple~CloudDocs/Eggrafa/PROSWPIKA/CVs/Imp/Compiles_Mar_2023/NMRpQuant/NMRpQuant_GUI/NMRpQuant.m"></file><file absolutepath="/Users/panteleimontakis/Library/Mobile Documents/com~apple~CloudDocs/Eggrafa/PROSWPIKA/CVs/Imp/Proteinuria_platform/NMRpQuant_GUI_dev_revision/software_revised_FINAL/git_v1.2/internal_functions/Process_lb_NMRdata.m"></file><file absolutepath="/Users/panteleimontakis/Library/Mobile Documents/com~apple~CloudDocs/Eggrafa/PROSWPIKA/CVs/Imp/Proteinuria_platform/NMRpQuant_GUI_dev_revision/software_revised_FINAL/git_v1.2/internal_functions/getNMRdata.m"></file><file absolutepath="/Volumes/SamsungVER2/Compiles_Mar_2023/NMRpQuant/NMRpQuant.m"></file><file absolutepath="/Volumes/SamsungVER2/Compiles_Mar_2023/NMRpQuant/git_v1.2/NMRpQuant_GUI/NMRpQuant.m"></file><file absolutepath="/Users/panteleimontakis/Library/Mobile Documents/com~apple~CloudDocs/Eggrafa/PROSWPIKA/CVs/Imp/Compiles_Mar_2023/smol_plat/getNMRdata_OCTAVE.m"></file><file absolutepath="/Users/panteleimontakis/Library/Mobile Documents/com~apple~CloudDocs/Eggrafa/PROSWPIKA/CVs/Imp/MAYO_Collab_Albumin/RES_SHARE_F/NEW_software/NMRpQuant.m"></file><file absolutepath="/Users/panteleimontakis/Library/Mobile Documents/com~apple~CloudDocs/Eggrafa/PROSWPIKA/CVs/Imp/new_dev3/TEST_NMR_blood_platform/GUI_ABStestingN/RUN_PLATFORM.m"></file><file absolutepath="/Users/panteleimontakis/Library/Mobile Documents/com~apple~CloudDocs/CERM Postdoc/my_development/pJ_SMolESY.m"></file><file absolutepath="/Users/panteleimontakis/Library/Mobile Documents/com~apple~CloudDocs/CERM Postdoc/my_development/pJRes_generation.m"></file><file absolutepath="/Users/panteleimontakis/Library/Mobile Documents/com~apple~CloudDocs/Eggrafa/PROSWPIKA/CVs/Imp/MAYO_Collab_Albumin/RES_SHARE_F/NEW_software/Process_lb_NMRdata.m"></file><file absolutepath="/Users/panteleimontakis/Library/Mobile Documents/com~apple~CloudDocs/Eggrafa/PROSWPIKA/CVs/Imp/MAYO_Collab_Albumin/RES_SHARE_F/NEW_software/NMRpQuant_Baseline_filter.m"></file><file absolutepath="/Users/panteleimontakis/Library/Mobile Documents/com~apple~CloudDocs/Eggrafa/PROSWPIKA/CVs/Imp/MAYO_Collab_Albumin/RES_SHARE_F/NEW_software/NMRpQuant_SMolESY.m"></file><file absolutepath="/Users/panteleimontakis/Library/Mobile Documents/com~apple~CloudDocs/CERM Postdoc/my_development/CERM_TT_Win/plotbnmr.m"></file><file absolutepath="/Users/panteleimontakis/Library/Mobile Documents/com~apple~CloudDocs/Eggrafa/PROSWPIKA/CVs/Imp/mikros/readnmrpar.m"></file><file absolutepath="/Users/panteleimontakis/Library/Mobile Documents/com~apple~CloudDocs/Eggrafa/PROSWPIKA/CVs/Imp/mikros/read_levels2D.m"></file><file absolutepath="/Users/panteleimontakis/Documents/MATLAB/BRUKER_reding/spec/bbio_spec_plot2d.m"></file><file absolutepath="/Users/panteleimontakis/Library/Mobile Documents/com~apple~CloudDocs/Eggrafa/PROSWPIKA/CVs/Imp/mikros/plot.m"></file><file absolutepath="/Users/panteleimontakis/Library/Mobile Documents/com~apple~CloudDocs/Eggrafa/PROSWPIKA/CVs/Imp/mikros/plotCCValues.m"></file><file absolutepath="/Users/panteleimontakis/Library/Mobile Documents/com~apple~CloudDocs/Eggrafa/PROSWPIKA/CVs/Imp/mikros/STOC_2D_proj.m"></file><file absolutepath="/Users/panteleimontakis/Library/Mobile Documents/com~apple~CloudDocs/Eggrafa/PROSWPIKA/CVs/Imp/mikros/Proton_1D_corr.m"></file><file absolutepath="/Users/panteleimontakis/Library/Mobile Documents/com~apple~CloudDocs/Eggrafa/PROSWPIKA/CVs/Imp/mikros/plot_br.m"></file><file absolutepath="/Users/panteleimontakis/Library/Mobile Documents/com~apple~CloudDocs/Eggrafa/PROSWPIKA/CVs/Imp/mikros/plot_br_close.m"></file><file absolutepath="/Users/panteleimontakis/Library/Mobile Documents/com~apple~CloudDocs/Eggrafa/PROSWPIKA/CVs/Imp/mikros/plot_br2.m"></file><file absolutepath="/Users/panteleimontakis/Library/Mobile Documents/com~apple~CloudDocs/Eggrafa/PROSWPIKA/CVs/Imp/mikros/plotSTOCSY_2D.m"></file><file absolutepath="/Users/panteleimontakis/Library/Mobile Documents/com~apple~CloudDocs/CERM Postdoc/my_development/pJres.m"></file><file absolutepath="/Users/panteleimontakis/Library/Mobile Documents/com~apple~CloudDocs/CERM Postdoc/my_development/prepare_spectra_files1D.m"></file><file absolutepath="/Users/panteleimontakis/Library/Mobile Documents/com~apple~CloudDocs/Eggrafa/PROSWPIKA/CVs/Imp/new_dev3/TEST_NMR_blood_platform/GUI_AU28/Take_raw_data.m"></file><file absolutepath="/Users/panteleimontakis/Library/Mobile Documents/com~apple~CloudDocs/Eggrafa/PROSWPIKA/CVs/Imp/new_dev3/TEST_NMR_blood_platform/GUI_AU28/RUN_PLATFORM_AU.m"></file><file absolutepath="/Users/panteleimontakis/Library/Mobile Documents/com~apple~CloudDocs/Eggrafa/PROSWPIKA/CVs/Imp/MAYO_Collab_Albumin/RES_SHARE_F/NEW_software/final_software/NMRpQuant.m"></file></html>